<?xml version="1.0" encoding="ISO-8859-1"?>
<gfc:FC_FeatureCatalogue xmlns:gfc="http://www.isotc211.org/2005/gfc">
   <gmx:name xmlns:gmx="http://www.isotc211.org/2005/gmx">
      <gco:CharacterString xmlns:gco="http://www.isotc211.org/2005/gco">Feature Catalog for the  2014 Area Hydrography County-based Shapefile</gco:CharacterString>
   </gmx:name>
   <gmx:scope xmlns:gmx="http://www.isotc211.org/2005/gmx">
      <gco:CharacterString xmlns:gco="http://www.isotc211.org/2005/gco"> Area Hydrography County-based Shapefile</gco:CharacterString>
   </gmx:scope>
   <gmx:versionNumber xmlns:gmx="http://www.isotc211.org/2005/gmx">
      <gco:CharacterString xmlns:gco="http://www.isotc211.org/2005/gco">2014</gco:CharacterString>
   </gmx:versionNumber>
   <gmx:versionDate xmlns:gmx="http://www.isotc211.org/2005/gmx">
      <gco:Date xmlns:gco="http://www.isotc211.org/2005/gco">2014-06-01</gco:Date>
   </gmx:versionDate>
   <gmx:language xmlns:gmx="http://www.isotc211.org/2005/gmx">
      <gco:CharacterString xmlns:gco="http://www.isotc211.org/2005/gco">eng</gco:CharacterString>
   </gmx:language>
   <gmx:characterSet xmlns:gmx="http://www.isotc211.org/2005/gmx">
      <gmd:MD_CharacterSetCode xmlns:gmd="http://www.isotc211.org/2005/gmd"
                               codeList="http://www.isotc211.org/2005/resources/Codelist/gmxCodelists.xml#MD_CharacterSetCode"
                               codeListValue="utf8"
                               codeSpace="004">utf8
            </gmd:MD_CharacterSetCode>
   </gmx:characterSet>
   <gfc:producer xmlns:xlink="http://www.w3.org/1999/xlink"
                 xlink:href="https://www.ngdc.noaa.gov/docucomp/c5ceb003-1ed6-4126-8a16-bc08ce8fc267"
                 xlink:title="U.S. Department of Commerce, U.S. Census Bureau, Geography Division, Geographic Products Branch"/>
   <gfc:featureType>
      <gfc:FC_FeatureType>
         <gfc:typeName>
            <gco:LocalName xmlns:gco="http://www.isotc211.org/2005/gco">AREAWATER.shp</gco:LocalName>
         </gfc:typeName>
         <gfc:definition>
            <gco:CharacterString xmlns:gco="http://www.isotc211.org/2005/gco">Current Area Hydrography County-based</gco:CharacterString>
         </gfc:definition>
         <gfc:isAbstract>
            <gco:Boolean xmlns:gco="http://www.isotc211.org/2005/gco">false</gco:Boolean>
         </gfc:isAbstract>
         <gfc:featureCatalogue uuidref="2014_areawater.ea.iso.xml"/>
         <gfc:carrierOfCharacteristics>
            <gfc:FC_FeatureAttribute>
               <gfc:memberName>
                  <gco:LocalName xmlns:gco="http://www.isotc211.org/2005/gco">ANSICODE</gco:LocalName>
               </gfc:memberName>
               <gfc:definition>
                  <gco:CharacterString xmlns:gco="http://www.isotc211.org/2005/gco">Current official code for the water body for use by federal agencies for data transfer and dissemination, if applicable</gco:CharacterString>
               </gfc:definition>
               <gfc:cardinality xmlns:gco="http://www.isotc211.org/2005/gco" gco:nilReason="unknown"/>
               <gfc:definitionReference xmlns:xlink="http://www.w3.org/1999/xlink" xlink:title="U.S. Census Bureau"
                                        xlink:href="http://www.ngdc.noaa.gov/docucomp/eb139e38-ee29-4d59-b157-5e874d4420c4"/>
               <gfc:listedValue>
                  <gfc:FC_ListedValue>
                     <gfc:label>
                        <gco:CharacterString xmlns:gco="http://www.isotc211.org/2005/gco">INCITS 446:2008 (Geographic Names Information System (GNIS)), Identifying Attributes for Named Physical and Cultural Geographic Features (Except Roads and Highways) of the United States, Its Territories, Outlying Areas, and Freely Associated Areas, and the Waters of the Same to the Limit of the Twelve-Mile Statutory Zone</gco:CharacterString>
                     </gfc:label>
                     <gfc:definitionReference>
                        <gfc:FC_DefinitionReference>
                           <gfc:definitionSource>
                              <gfc:FC_DefinitionSource>
                                 <gfc:source>
                                    <gmd:CI_Citation xmlns:gmd="http://www.isotc211.org/2005/gmd">
                                       <gmd:title xmlns:gco="http://www.isotc211.org/2005/gco" gco:nilReason="inapplicable"/>
                                       <gmd:date xmlns:gco="http://www.isotc211.org/2005/gco" gco:nilReason="unknown"/>
                                       <gmd:citedResponsibleParty>
                                          <gmd:CI_ResponsibleParty>
                                             <gmd:organisationName>
                                                <gco:CharacterString xmlns:gco="http://www.isotc211.org/2005/gco">U.S. Geological Survey (USGS)</gco:CharacterString>
                                             </gmd:organisationName>
                                             <gmd:role>
                                                <gmd:CI_RoleCode codeList="http://www.isotc211.org/2005/resources/Codelist/gmxCodelists.xml#CI_RoleCode"
                                                                 codeListValue="resourceProvider"
                                                                 codeSpace="001">resourceProvider
                                                  </gmd:CI_RoleCode>
                                             </gmd:role>
                                          </gmd:CI_ResponsibleParty>
                                       </gmd:citedResponsibleParty>
                                    </gmd:CI_Citation>
                                 </gfc:source>
                              </gfc:FC_DefinitionSource>
                           </gfc:definitionSource>
                        </gfc:FC_DefinitionReference>
                     </gfc:definitionReference>
                  </gfc:FC_ListedValue>
               </gfc:listedValue>
            </gfc:FC_FeatureAttribute>
         </gfc:carrierOfCharacteristics>
         <gfc:carrierOfCharacteristics>
            <gfc:FC_FeatureAttribute>
               <gfc:memberName>
                  <gco:LocalName xmlns:gco="http://www.isotc211.org/2005/gco">HYDROID</gco:LocalName>
               </gfc:memberName>
               <gfc:definition>
                  <gco:CharacterString xmlns:gco="http://www.isotc211.org/2005/gco">Area hydrography identifier</gco:CharacterString>
               </gfc:definition>
               <gfc:cardinality xmlns:gco="http://www.isotc211.org/2005/gco" gco:nilReason="unknown"/>
               <gfc:definitionReference xmlns:xlink="http://www.w3.org/1999/xlink" xlink:title="U.S. Census Bureau"
                                        xlink:href="http://www.ngdc.noaa.gov/docucomp/eb139e38-ee29-4d59-b157-5e874d4420c4"/>
               <gfc:listedValue>
                  <gfc:FC_ListedValue>
                     <gfc:label xmlns:gco="http://www.isotc211.org/2005/gco" gco:nilReason="inapplicable"/>
                     <gfc:definition>
                        <gco:CharacterString xmlns:gco="http://www.isotc211.org/2005/gco">Values for this attribute are composed of a set of area hydrography IDs. As such, they do not exist in a known, predefined set.</gco:CharacterString>
                     </gfc:definition>
                  </gfc:FC_ListedValue>
               </gfc:listedValue>
            </gfc:FC_FeatureAttribute>
         </gfc:carrierOfCharacteristics>
         <gfc:carrierOfCharacteristics>
            <gfc:FC_FeatureAttribute>
               <gfc:memberName>
                  <gco:LocalName xmlns:gco="http://www.isotc211.org/2005/gco">FULLNAME</gco:LocalName>
               </gfc:memberName>
               <gfc:definition>
                  <gco:CharacterString xmlns:gco="http://www.isotc211.org/2005/gco">Concatenation of expanded text for prefix qualifier, prefix direction, prefix type, base name, suffix type, suffix direction, and suffix qualifier (as available) with a space between each expanded text field</gco:CharacterString>
               </gfc:definition>
               <gfc:cardinality xmlns:gco="http://www.isotc211.org/2005/gco" gco:nilReason="unknown"/>
               <gfc:definitionReference xmlns:xlink="http://www.w3.org/1999/xlink" xlink:title="U.S. Census Bureau"
                                        xlink:href="http://www.ngdc.noaa.gov/docucomp/eb139e38-ee29-4d59-b157-5e874d4420c4"/>
               <gfc:listedValue>
                  <gfc:FC_ListedValue>
                     <gfc:label xmlns:gco="http://www.isotc211.org/2005/gco" gco:nilReason="inapplicable"/>
                     <gfc:definition>
                        <gco:CharacterString xmlns:gco="http://www.isotc211.org/2005/gco">Values for this attribute are composed of a set of names. As such, they do not exist in a known, predefined set.</gco:CharacterString>
                     </gfc:definition>
                  </gfc:FC_ListedValue>
               </gfc:listedValue>
            </gfc:FC_FeatureAttribute>
         </gfc:carrierOfCharacteristics>
         <gfc:carrierOfCharacteristics>
            <gfc:FC_FeatureAttribute>
               <gfc:memberName>
                  <gco:LocalName xmlns:gco="http://www.isotc211.org/2005/gco">MTFCC</gco:LocalName>
               </gfc:memberName>
               <gfc:definition>
                  <gco:CharacterString xmlns:gco="http://www.isotc211.org/2005/gco">MAF/TIGER feature class code</gco:CharacterString>
               </gfc:definition>
               <gfc:cardinality xmlns:gco="http://www.isotc211.org/2005/gco" gco:nilReason="unknown"/>
               <gfc:definitionReference xmlns:xlink="http://www.w3.org/1999/xlink" xlink:title="U.S. Census Bureau"
                                        xlink:href="http://www.ngdc.noaa.gov/docucomp/eb139e38-ee29-4d59-b157-5e874d4420c4"/>
               <gfc:listedValue>
                  <gfc:FC_ListedValue>
                     <gfc:label>
                        <gco:CharacterString xmlns:gco="http://www.isotc211.org/2005/gco">H1100</gco:CharacterString>
                     </gfc:label>
                     <gfc:definition>
                        <gco:CharacterString xmlns:gco="http://www.isotc211.org/2005/gco">Connector</gco:CharacterString>
                     </gfc:definition>
                     <gfc:definitionReference xmlns:xlink="http://www.w3.org/1999/xlink" xlink:title="U.S. Census Bureau"
                                              xlink:href="http://www.ngdc.noaa.gov/docucomp/eb139e38-ee29-4d59-b157-5e874d4420c4"/>
                  </gfc:FC_ListedValue>
               </gfc:listedValue>
               <gfc:listedValue>
                  <gfc:FC_ListedValue>
                     <gfc:label>
                        <gco:CharacterString xmlns:gco="http://www.isotc211.org/2005/gco">H2025</gco:CharacterString>
                     </gfc:label>
                     <gfc:definition>
                        <gco:CharacterString xmlns:gco="http://www.isotc211.org/2005/gco">Swamp/Marsh</gco:CharacterString>
                     </gfc:definition>
                     <gfc:definitionReference xmlns:xlink="http://www.w3.org/1999/xlink" xlink:title="U.S. Census Bureau"
                                              xlink:href="http://www.ngdc.noaa.gov/docucomp/eb139e38-ee29-4d59-b157-5e874d4420c4"/>
                  </gfc:FC_ListedValue>
               </gfc:listedValue>
               <gfc:listedValue>
                  <gfc:FC_ListedValue>
                     <gfc:label>
                        <gco:CharacterString xmlns:gco="http://www.isotc211.org/2005/gco">H2030</gco:CharacterString>
                     </gfc:label>
                     <gfc:definition>
                        <gco:CharacterString xmlns:gco="http://www.isotc211.org/2005/gco">Lake/Pond</gco:CharacterString>
                     </gfc:definition>
                     <gfc:definitionReference xmlns:xlink="http://www.w3.org/1999/xlink" xlink:title="U.S. Census Bureau"
                                              xlink:href="http://www.ngdc.noaa.gov/docucomp/eb139e38-ee29-4d59-b157-5e874d4420c4"/>
                  </gfc:FC_ListedValue>
               </gfc:listedValue>
               <gfc:listedValue>
                  <gfc:FC_ListedValue>
                     <gfc:label>
                        <gco:CharacterString xmlns:gco="http://www.isotc211.org/2005/gco">H2040</gco:CharacterString>
                     </gfc:label>
                     <gfc:definition>
                        <gco:CharacterString xmlns:gco="http://www.isotc211.org/2005/gco">Reservoir</gco:CharacterString>
                     </gfc:definition>
                     <gfc:definitionReference xmlns:xlink="http://www.w3.org/1999/xlink" xlink:title="U.S. Census Bureau"
                                              xlink:href="http://www.ngdc.noaa.gov/docucomp/eb139e38-ee29-4d59-b157-5e874d4420c4"/>
                  </gfc:FC_ListedValue>
               </gfc:listedValue>
               <gfc:listedValue>
                  <gfc:FC_ListedValue>
                     <gfc:label>
                        <gco:CharacterString xmlns:gco="http://www.isotc211.org/2005/gco">H2041</gco:CharacterString>
                     </gfc:label>
                     <gfc:definition>
                        <gco:CharacterString xmlns:gco="http://www.isotc211.org/2005/gco">Treatment Pond</gco:CharacterString>
                     </gfc:definition>
                     <gfc:definitionReference xmlns:xlink="http://www.w3.org/1999/xlink" xlink:title="U.S. Census Bureau"
                                              xlink:href="http://www.ngdc.noaa.gov/docucomp/eb139e38-ee29-4d59-b157-5e874d4420c4"/>
                  </gfc:FC_ListedValue>
               </gfc:listedValue>
               <gfc:listedValue>
                  <gfc:FC_ListedValue>
                     <gfc:label>
                        <gco:CharacterString xmlns:gco="http://www.isotc211.org/2005/gco">H2051</gco:CharacterString>
                     </gfc:label>
                     <gfc:definition>
                        <gco:CharacterString xmlns:gco="http://www.isotc211.org/2005/gco">Bay/Estuary/Gulf/Sound</gco:CharacterString>
                     </gfc:definition>
                     <gfc:definitionReference xmlns:xlink="http://www.w3.org/1999/xlink" xlink:title="U.S. Census Bureau"
                                              xlink:href="http://www.ngdc.noaa.gov/docucomp/eb139e38-ee29-4d59-b157-5e874d4420c4"/>
                  </gfc:FC_ListedValue>
               </gfc:listedValue>
               <gfc:listedValue>
                  <gfc:FC_ListedValue>
                     <gfc:label>
                        <gco:CharacterString xmlns:gco="http://www.isotc211.org/2005/gco">H2053</gco:CharacterString>
                     </gfc:label>
                     <gfc:definition>
                        <gco:CharacterString xmlns:gco="http://www.isotc211.org/2005/gco">Ocean/Sea</gco:CharacterString>
                     </gfc:definition>
                     <gfc:definitionReference xmlns:xlink="http://www.w3.org/1999/xlink" xlink:title="U.S. Census Bureau"
                                              xlink:href="http://www.ngdc.noaa.gov/docucomp/eb139e38-ee29-4d59-b157-5e874d4420c4"/>
                  </gfc:FC_ListedValue>
               </gfc:listedValue>
               <gfc:listedValue>
                  <gfc:FC_ListedValue>
                     <gfc:label>
                        <gco:CharacterString xmlns:gco="http://www.isotc211.org/2005/gco">H2060</gco:CharacterString>
                     </gfc:label>
                     <gfc:definition>
                        <gco:CharacterString xmlns:gco="http://www.isotc211.org/2005/gco">Gravel Pit/Quarry filled with water</gco:CharacterString>
                     </gfc:definition>
                     <gfc:definitionReference xmlns:xlink="http://www.w3.org/1999/xlink" xlink:title="U.S. Census Bureau"
                                              xlink:href="http://www.ngdc.noaa.gov/docucomp/eb139e38-ee29-4d59-b157-5e874d4420c4"/>
                  </gfc:FC_ListedValue>
               </gfc:listedValue>
               <gfc:listedValue>
                  <gfc:FC_ListedValue>
                     <gfc:label>
                        <gco:CharacterString xmlns:gco="http://www.isotc211.org/2005/gco">H2081</gco:CharacterString>
                     </gfc:label>
                     <gfc:definition>
                        <gco:CharacterString xmlns:gco="http://www.isotc211.org/2005/gco">Glacier</gco:CharacterString>
                     </gfc:definition>
                     <gfc:definitionReference xmlns:xlink="http://www.w3.org/1999/xlink" xlink:title="U.S. Census Bureau"
                                              xlink:href="http://www.ngdc.noaa.gov/docucomp/eb139e38-ee29-4d59-b157-5e874d4420c4"/>
                  </gfc:FC_ListedValue>
               </gfc:listedValue>
               <gfc:listedValue>
                  <gfc:FC_ListedValue>
                     <gfc:label>
                        <gco:CharacterString xmlns:gco="http://www.isotc211.org/2005/gco">H3010</gco:CharacterString>
                     </gfc:label>
                     <gfc:definition>
                        <gco:CharacterString xmlns:gco="http://www.isotc211.org/2005/gco">Stream/River</gco:CharacterString>
                     </gfc:definition>
                     <gfc:definitionReference xmlns:xlink="http://www.w3.org/1999/xlink" xlink:title="U.S. Census Bureau"
                                              xlink:href="http://www.ngdc.noaa.gov/docucomp/eb139e38-ee29-4d59-b157-5e874d4420c4"/>
                  </gfc:FC_ListedValue>
               </gfc:listedValue>
               <gfc:listedValue>
                  <gfc:FC_ListedValue>
                     <gfc:label>
                        <gco:CharacterString xmlns:gco="http://www.isotc211.org/2005/gco">H3013</gco:CharacterString>
                     </gfc:label>
                     <gfc:definition>
                        <gco:CharacterString xmlns:gco="http://www.isotc211.org/2005/gco">Braided Stream</gco:CharacterString>
                     </gfc:definition>
                     <gfc:definitionReference xmlns:xlink="http://www.w3.org/1999/xlink" xlink:title="U.S. Census Bureau"
                                              xlink:href="http://www.ngdc.noaa.gov/docucomp/eb139e38-ee29-4d59-b157-5e874d4420c4"/>
                  </gfc:FC_ListedValue>
               </gfc:listedValue>
               <gfc:listedValue>
                  <gfc:FC_ListedValue>
                     <gfc:label>
                        <gco:CharacterString xmlns:gco="http://www.isotc211.org/2005/gco">H3020</gco:CharacterString>
                     </gfc:label>
                     <gfc:definition>
                        <gco:CharacterString xmlns:gco="http://www.isotc211.org/2005/gco">Canal, Ditch or Aqueduct</gco:CharacterString>
                     </gfc:definition>
                     <gfc:definitionReference xmlns:xlink="http://www.w3.org/1999/xlink" xlink:title="U.S. Census Bureau"
                                              xlink:href="http://www.ngdc.noaa.gov/docucomp/eb139e38-ee29-4d59-b157-5e874d4420c4"/>
                  </gfc:FC_ListedValue>
               </gfc:listedValue>
            </gfc:FC_FeatureAttribute>
         </gfc:carrierOfCharacteristics>
         <gfc:carrierOfCharacteristics>
            <gfc:FC_FeatureAttribute>
               <gfc:memberName>
                  <gco:LocalName xmlns:gco="http://www.isotc211.org/2005/gco">ALAND</gco:LocalName>
               </gfc:memberName>
               <gfc:definition>
                  <gco:CharacterString xmlns:gco="http://www.isotc211.org/2005/gco">Current land area (square meters)</gco:CharacterString>
               </gfc:definition>
               <gfc:cardinality xmlns:gco="http://www.isotc211.org/2005/gco" gco:nilReason="unknown"/>
               <gfc:definitionReference xmlns:xlink="http://www.w3.org/1999/xlink" xlink:title="U.S. Census Bureau"
                                        xlink:href="http://www.ngdc.noaa.gov/docucomp/eb139e38-ee29-4d59-b157-5e874d4420c4"/>
               <gfc:listedValue>
                  <gfc:FC_ListedValue>
                     <gfc:label xmlns:gco="http://www.isotc211.org/2005/gco" gco:nilReason="inapplicable"/>
                     <gfc:definition>
                        <gco:CharacterString xmlns:gco="http://www.isotc211.org/2005/gco">
                                            Range Domain Minimum: 0
                                            Range Domain Maximum: 9,999,999,999,999</gco:CharacterString>
                     </gfc:definition>
                  </gfc:FC_ListedValue>
               </gfc:listedValue>
            </gfc:FC_FeatureAttribute>
         </gfc:carrierOfCharacteristics>
         <gfc:carrierOfCharacteristics>
            <gfc:FC_FeatureAttribute>
               <gfc:memberName>
                  <gco:LocalName xmlns:gco="http://www.isotc211.org/2005/gco">AWATER</gco:LocalName>
               </gfc:memberName>
               <gfc:definition>
                  <gco:CharacterString xmlns:gco="http://www.isotc211.org/2005/gco">Current water area (square meters)</gco:CharacterString>
               </gfc:definition>
               <gfc:cardinality xmlns:gco="http://www.isotc211.org/2005/gco" gco:nilReason="unknown"/>
               <gfc:definitionReference xmlns:xlink="http://www.w3.org/1999/xlink" xlink:title="U.S. Census Bureau"
                                        xlink:href="http://www.ngdc.noaa.gov/docucomp/eb139e38-ee29-4d59-b157-5e874d4420c4"/>
               <gfc:listedValue>
                  <gfc:FC_ListedValue>
                     <gfc:label xmlns:gco="http://www.isotc211.org/2005/gco" gco:nilReason="inapplicable"/>
                     <gfc:definition>
                        <gco:CharacterString xmlns:gco="http://www.isotc211.org/2005/gco">
                                            Range Domain Minimum: 0
                                            Range Domain Maximum: 9,999,999,999,999</gco:CharacterString>
                     </gfc:definition>
                  </gfc:FC_ListedValue>
               </gfc:listedValue>
            </gfc:FC_FeatureAttribute>
         </gfc:carrierOfCharacteristics>
         <gfc:carrierOfCharacteristics>
            <gfc:FC_FeatureAttribute>
               <gfc:memberName>
                  <gco:LocalName xmlns:gco="http://www.isotc211.org/2005/gco">INTPTLAT</gco:LocalName>
               </gfc:memberName>
               <gfc:definition>
                  <gco:CharacterString xmlns:gco="http://www.isotc211.org/2005/gco">Current latitude of the internal point</gco:CharacterString>
               </gfc:definition>
               <gfc:cardinality xmlns:gco="http://www.isotc211.org/2005/gco" gco:nilReason="unknown"/>
               <gfc:definitionReference xmlns:xlink="http://www.w3.org/1999/xlink" xlink:title="U.S. Census Bureau"
                                        xlink:href="http://www.ngdc.noaa.gov/docucomp/eb139e38-ee29-4d59-b157-5e874d4420c4"/>
               <gfc:listedValue>
                  <gfc:FC_ListedValue>
                     <gfc:label xmlns:gco="http://www.isotc211.org/2005/gco" gco:nilReason="inapplicable"/>
                     <gfc:definition>
                        <gco:CharacterString xmlns:gco="http://www.isotc211.org/2005/gco">
                                            Range Domain Minimum: -90.000000
                                            Range Domain Maximum: 90.000000</gco:CharacterString>
                     </gfc:definition>
                  </gfc:FC_ListedValue>
               </gfc:listedValue>
            </gfc:FC_FeatureAttribute>
         </gfc:carrierOfCharacteristics>
         <gfc:carrierOfCharacteristics>
            <gfc:FC_FeatureAttribute>
               <gfc:memberName>
                  <gco:LocalName xmlns:gco="http://www.isotc211.org/2005/gco">INTPTLON</gco:LocalName>
               </gfc:memberName>
               <gfc:definition>
                  <gco:CharacterString xmlns:gco="http://www.isotc211.org/2005/gco">Current longitude of the internal point</gco:CharacterString>
               </gfc:definition>
               <gfc:cardinality xmlns:gco="http://www.isotc211.org/2005/gco" gco:nilReason="unknown"/>
               <gfc:definitionReference xmlns:xlink="http://www.w3.org/1999/xlink" xlink:title="U.S. Census Bureau"
                                        xlink:href="http://www.ngdc.noaa.gov/docucomp/eb139e38-ee29-4d59-b157-5e874d4420c4"/>
               <gfc:listedValue>
                  <gfc:FC_ListedValue>
                     <gfc:label xmlns:gco="http://www.isotc211.org/2005/gco" gco:nilReason="inapplicable"/>
                     <gfc:definition>
                        <gco:CharacterString xmlns:gco="http://www.isotc211.org/2005/gco">
                                            Range Domain Minimum: -180.000000
                                            Range Domain Maximum: 180.000000</gco:CharacterString>
                     </gfc:definition>
                  </gfc:FC_ListedValue>
               </gfc:listedValue>
            </gfc:FC_FeatureAttribute>
         </gfc:carrierOfCharacteristics>
      </gfc:FC_FeatureType>
   </gfc:featureType>
</gfc:FC_FeatureCatalogue>